"","Term","Overlap","P.value","Adjusted.P.value","Old.P.value","Old.Adjusted.P.value","Odds.Ratio","Combined.Score","Genes"
"1","Regulation Of Apoptotic Process (GO:0042981)","18/705",1.16715073628388e-08,1.32471608568221e-05,0,0,6.13899243795931,112.135543288518,"TOP2A;HSP90AA1;ANXA1;CITED2;IGFBP3;WNT5A;FSTL1;CFL1;TAX1BP1;CYP1B1;BIRC5;ITGA6;ANP32B;SQSTM1;PPIA;PTMA;CD44;TGM2"
"2","Epithelial Cell Differentiation (GO:0030855)","8/132",3.25150441942447e-07,0.000184522875802339,0,0,13.8681626928471,207.17617547498,"LGALS3;GSTK1;KRT19;ANXA1;PCNA;KRT17;KRT13;FSTL1"
"3","Positive Regulation By Host Of Viral Process (GO:0044794)","4/17",1.3318996202309e-06,0.000503902022987358,0,0,63.7403846153846,862.337566621902,"EEF1A1;KRT17;CFL1;NUCKS1"
"4","Epithelial Cell Migration (GO:0010631)","4/46",8.17122681204673e-05,0.0231858560791826,0,0,19.7003968253968,185.426171255753,"ANLN;S100A2;CYP1B1;FSTL1"
"5","Epithelium Development (GO:0060429)","6/154",0.000124177990511034,0.0235175502681021,0,0,8.51868890166763,76.6153383640727,"LGALS3;GSTK1;KRT19;PCNA;KRT17;KRT13"
"6","Negative Regulation Of Programmed Cell Death (GO:0043069)","9/381",0.000124321851637544,0.0235175502681021,0,0,5.19177596596951,46.687755491243,"ANXA1;CITED2;CFL1;WNT5A;TAX1BP1;BIRC5;PTMA;FSTL1;CD44"
"7","Modulation By Host Of Viral Process (GO:0044788)","3/22",0.000174309995477304,0.0243565818246306,0,0,32.3619099294628,280.081821254999,"KRT17;CFL1;NUCKS1"
"8","Supramolecular Fiber Organization (GO:0097435)","8/316",0.000187680895436919,0.0243565818246306,0,0,5.5313382269904,47.4631267475247,"KRT19;KRT17;TPM3;STMN1;TPM1;KRT13;CYP1B1;ALDOA"
"9","Mitotic Cytokinesis (GO:0000281)","4/59",0.000216842579171967,0.0243565818246306,0,0,15.0340909090909,126.832686102133,"ANLN;CFL1;STMN1;BIRC5"
"10","protein-DNA Complex Organization (GO:0071824)","4/60",0.00023144518216262,0.0243565818246306,0,0,14.764880952381,123.599291667272,"CBX3;HMGB2;NUCKS1;HMGN2"
"11","Glycolipid Transport (GO:0046836)","2/5",0.000245087170998512,0.0243565818246306,0,0,135.353741496599,1125.31701267514,"NPC2;PSAP"
"12","Negative Regulation Of Stress Fiber Assembly (GO:0051497)","3/25",0.000257514521493891,0.0243565818246306,0,0,27.9447047797563,230.947180745545,"STMN1;TACSTD2;PFN1"
"13","Positive Regulation Of DNA Biosynthetic Process (GO:2000573)","4/65",0.000315262658745622,0.0259937819209402,0,0,13.5512295081967,109.251427440495,"CCT6A;HSP90AA1;PCNA;USP1"
"14","Negative Regulation Of Actin Filament Bundle Assembly (GO:0032232)","3/28",0.000362821371980509,0.0259937819209402,0,0,24.5876288659794,194.773359177925,"STMN1;TACSTD2;PFN1"
"15","Hepatocyte Growth Factor Receptor Signaling Pathway (GO:0048012)","2/6",0.000366432168048497,0.0259937819209402,0,0,101.510204081633,803.117990717184,"STMN1;MUC20"
"16","Intracellular Sequestering Of Iron Ion (GO:0006880)","2/6",0.000366432168048497,0.0259937819209402,0,0,101.510204081633,803.117990717184,"FTH1;FTL"
"17","Chromatin Organization (GO:0006325)","7/268",0.00039759310943644,0.0263801229286957,0,0,5.66361801178264,44.3465901284876,"NASP;CBX3;HMGB2;NUCKS1;ANP32B;DEK;HMGN2"
"18","Negative Regulation Of Supramolecular Fiber Organization (GO:1902904)","4/71",0.00044219543361385,0.0263801229286957,0,0,12.3339552238806,95.2644929311874,"LIMA1;TPX2;STMN1;PFN1"
"19","Cellular Response To Reactive Oxygen Species (GO:0034614)","4/73",0.000491583857358747,0.0263801229286957,0,0,11.9752415458937,91.2259293297664,"ANXA1;TPM1;CYP1B1;SQSTM1"
"20","Aromatic Amino Acid Transport (GO:0015801)","2/7",0.00051133277923463,0.0263801229286957,0,0,81.2040816326531,615.404316417306,"SLC7A5;SLC3A2"
"21","Sulfur Amino Acid Transport (GO:0000101)","2/7",0.00051133277923463,0.0263801229286957,0,0,81.2040816326531,615.404316417306,"SLC7A5;SLC3A2"
"22","Thyroid Hormone Transport (GO:0070327)","2/7",0.00051133277923463,0.0263801229286957,0,0,81.2040816326531,615.404316417306,"SLC7A5;SLC3A2"
"23","Regulation Of Stress Fiber Assembly (GO:0051492)","4/75",0.00054477989716172,0.0268837036208066,0,0,11.6367370892019,87.4515769117314,"STMN1;TPM1;TACSTD2;PFN1"
"24","Response To Estrogen (GO:0043627)","3/34",0.000648483947959066,0.0292561676629331,0,0,19.8227469238444,145.516273766311,"KRT19;CITED2;CD24"
"25","DNA Topological Change (GO:0006265)","2/8",0.000679555166686154,0.0292561676629331,0,0,67.6666666666667,493.565548173325,"TOP2A;HMGB2"
"26","Proline Transport (GO:0015824)","2/8",0.000679555166686154,0.0292561676629331,0,0,67.6666666666667,493.565548173325,"SLC7A5;SLC3A2"
"27","Negative Regulation Of Apoptotic Process (GO:0043066)","9/482",0.000695961697708541,0.0292561676629331,0,0,4.06205422484492,29.5320113387526,"ANXA1;CITED2;CFL1;WNT5A;TAX1BP1;BIRC5;PTMA;FSTL1;CD44"
"28","Cytoskeleton-Dependent Cytokinesis (GO:0061640)","4/81",0.00072884506712051,0.0295442553993493,0,0,10.7267316017316,77.4904387393536,"ANLN;CFL1;STMN1;BIRC5"
"29","Positive Regulation Of ATP Metabolic Process (GO:1903580)","2/9",0.000870867194754317,0.0318849763240694,0,0,57.997084548105,408.648679561366,"TMSB4X;ENO1"
"30","Hormone Transport (GO:0009914)","2/9",0.000870867194754317,0.0318849763240694,0,0,57.997084548105,408.648679561366,"SLC7A5;SLC3A2"
"31","Leucine Transport (GO:0015820)","2/9",0.000870867194754317,0.0318849763240694,0,0,57.997084548105,408.648679561366,"SLC7A5;SLC3A2"
"32","Positive Regulation Of Cell Adhesion (GO:0045785)","4/88",0.00099466726260602,0.0352796044705573,0,0,9.82936507936508,67.9514062017993,"CCDC80;CITED2;TPM1;TGM2"
"33","Endothelial Cell Migration (GO:0043542)","3/40",0.00104769503107265,0.0360343594020443,0,0,16.6032320980775,113.917477373754,"S100A2;CYP1B1;FSTL1"
"34","Branched-Chain Amino Acid Transport (GO:0015803)","2/10",0.00108503842061186,0.0362211355116017,0,0,50.7448979591837,346.391771762865,"SLC7A5;SLC3A2"
"35","Negative Regulation Of Cell Migration (GO:0030336)","5/163",0.00136535948691573,0.0442766576471245,0,0,6.57628247834777,43.3793788845622,"CITED2;IGFBP3;TPM1;TACSTD2;CYP1B1"
"36","Positive Regulation Of Programmed Cell Death (GO:0043068)","6/245",0.00145168264895456,0.0457683279600951,0,0,5.25086797827829,34.314589991695,"TOP2A;IGFBP3;CYP1B1;ITGA6;SQSTM1;TGM2"
"37","Regulation Of Fibroblast Proliferation (GO:0048145)","3/46",0.00157518599530849,0.0472233208184342,0,0,14.2821865260129,92.1684043252849,"FTH1;WNT5A;S100A6"
"38","DNA Conformation Change (GO:0071103)","2/12",0.00158104510229119,0.0472233208184342,0,0,40.5918367346939,261.803918893847,"TOP2A;HMGB2"
"39","Positive Regulation Of Chromosome Separation (GO:1905820)","2/13",0.00186242805035638,0.0529646876974362,0,0,36.899814471243,231.947593213754,"BIRC5;SMC4"
"40","Unsaturated Fatty Acid Metabolic Process (GO:0033559)","3/49",0.00189120911437294,0.0529646876974362,0,0,13.3487225459435,83.703684141881,"SCD;CYP1B1;PTGR1"
"41","Positive Regulation Of Hydrolase Activity (GO:0051345)","5/176",0.0019132618463391,0.0529646876974362,0,0,6.07232994767621,38.00638353982,"PSAP;HMGB2;ITGA6;CALM2;TGM2"
"42","Negative Regulation Of Nucleic Acid-Templated Transcription (GO:1903507)","8/456",0.0020505212542352,0.0554128957989751,0,0,3.77562111801242,23.3698157205157,"ELF3;CBX3;CITED2;WNT5A;HMGA1;HMGB2;BIRC5;ENO1"
"43","Negative Regulation Of Smooth Muscle Cell Migration (GO:0014912)","2/14",0.00216576516004231,0.0558668967420006,0,0,33.8231292517007,207.504274169846,"IGFBP3;TPM1"
"44","Regulation Of ATP Biosynthetic Process (GO:2001169)","2/14",0.00216576516004231,0.0558668967420006,0,0,33.8231292517007,207.504274169846,"TMSB4X;ENO1"
"45","Positive Regulation Of Apoptotic Process (GO:0043065)","6/270",0.00236744933821617,0.0584822271526202,0,0,4.74758220502901,28.7036072784506,"TOP2A;IGFBP3;CYP1B1;ITGA6;SQSTM1;TGM2"
"46","Carboxylic Acid Transport (GO:0046942)","3/53",0.00237020480089914,0.0584822271526202,0,0,12.2783505154639,74.219914290735,"SLC7A5;PSAP;SLC3A2"
"47","Nitric Oxide Biosynthetic Process (GO:0006809)","2/15",0.00249083430520832,0.0601509986470519,0,0,31.2197802197802,187.166877082159,"NQO1;CYP1B1"
"48","Cellular Response To Oxidative Stress (GO:0034599)","4/117",0.00283235163750651,0.0607635097304334,0,0,7.29609144542773,42.8035998853789,"NQO1;TPM1;SQSTM1;PPIA"
"49","Positive Regulation Of Protein Serine/Threonine Kinase Activity (GO:0071902)","4/117",0.00283235163750651,0.0607635097304334,0,0,7.29609144542773,42.8035998853789,"CCND1;WNT5A;CD24;CALM2"
"50","Nitric Oxide Metabolic Process (GO:0046209)","2/16",0.00283741499181759,0.0607635097304334,0,0,28.9883381924198,170.012598917729,"NQO1;CYP1B1"
"51","Regulation Of Response To Cytokine Stimulus (GO:0060759)","2/16",0.00283741499181759,0.0607635097304334,0,0,28.9883381924198,170.012598917729,"WNT5A;CD24"
"52","Retinal Metabolic Process (GO:0042574)","2/16",0.00283741499181759,0.0607635097304334,0,0,28.9883381924198,170.012598917729,"ALDH1A3;CYP1B1"
"53","Ruffle Organization (GO:0031529)","2/16",0.00283741499181759,0.0607635097304334,0,0,28.9883381924198,170.012598917729,"LIMA1;TPM1"
"54","Regulation Of Protein Catabolic Process (GO:0042176)","4/122",0.00329262302177257,0.0692060579576271,0,0,6.98516949152542,39.9277230897484,"EEF1A1;NQO1;HSP90AA1;WNT5A"
"55","Negative Regulation Of Intrinsic Apoptotic Signaling Pathway (GO:2001243)","3/61",0.00353793656963806,0.0730101455734399,0,0,10.5805190188411,59.7186883041205,"ENO1;YBX3;PPIA"
"56","Negative Regulation Of Cell Motility (GO:2000146)","4/133",0.00447938929060026,0.0907876222291304,0,0,6.3859819121447,34.5371052059919,"CITED2;TPM1;TACSTD2;CYP1B1"
"57","Skin Development (GO:0043588)","3/68",0.00480405471030925,0.093981602342194,0,0,9.43774781919112,50.3814818655157,"ANXA1;WNT5A;ITGA6"
"58","Intermediate Filament Organization (GO:0045109)","3/68",0.00480405471030925,0.093981602342194,0,0,9.43774781919112,50.3814818655157,"KRT19;KRT17;KRT13"
"59","Modulation By Host Of Viral Genome Replication (GO:0044827)","2/21",0.00488538725831669,0.093981602342194,0,0,21.3544575725027,113.63788950908,"EEF1A1;NUCKS1"
"60","Cytoskeleton-Dependent Intracellular Transport (GO:0030705)","2/22",0.00535649695773258,0.0992004210831276,0,0,20.2857142857143,106.083028567318,"TUBA1C;TUBA1B"
"61","Positive Regulation Of Protein Modification Process (GO:0031401)","5/225",0.00546408388200026,0.0992004210831276,0,0,4.70813397129187,24.5273007856138,"HSP90AA1;CCND1;BIRC5;PPIA;CALM2"
"62","Cholesterol Homeostasis (GO:0042632)","3/72",0.00563543249072426,0.0992004210831276,0,0,8.88883908561183,46.0324654948436,"LIMA1;NPC2;CD24"
"63","Negative Regulation Of Protein Depolymerization (GO:1901880)","2/23",0.00584761959206228,0.0992004210831276,0,0,19.3187560738581,99.3316462237063,"LIMA1;TPX2"
"64","Cell-Cell Signaling By Wnt (GO:0198738)","2/23",0.00584761959206228,0.0992004210831276,0,0,19.3187560738581,99.3316462237063,"WNT5A;CD24"
"65","Negative Regulation Of Actin Filament Polymerization (GO:0030837)","2/23",0.00584761959206228,0.0992004210831276,0,0,19.3187560738581,99.3316462237063,"TMSB4X;PFN1"
"66","Sterol Homeostasis (GO:0055092)","3/73",0.00585588388772647,0.0992004210831276,0,0,8.76141384388807,45.0363685681287,"LIMA1;NPC2;CD24"
"67","Granulocyte Chemotaxis (GO:0071621)","3/73",0.00585588388772647,0.0992004210831276,0,0,8.76141384388807,45.0363685681287,"LGALS3;ANXA1;PPIA"
"68","Positive Regulation Of Phosphorylation (GO:0042327)","5/231",0.00609577499183241,0.10038300263254,0,0,4.5817419655333,23.3676142259104,"HSP90AA1;CCND1;BIRC5;ITGA6;PPIA"
"69","Nucleosome Organization (GO:0034728)","3/75",0.00631213688567951,0.10038300263254,0,0,8.51718213058419,43.1419208970586,"NASP;HMGB2;HMGA1"
"70","Regulation Of Cytokine Production Involved In Immune Response (GO:0002718)","2/24",0.00635854736076345,0.10038300263254,0,0,18.4397031539889,93.2671948534304,"SLC7A5;WNT5A"
"71","Regulation Of Ruffle Assembly (GO:1900027)","2/24",0.00635854736076345,0.10038300263254,0,0,18.4397031539889,93.2671948534304,"TACSTD2;PFN1"
"72","Negative Regulation Of Protein Metabolic Process (GO:0051248)","4/147",0.00636790853704218,0.10038300263254,0,0,5.75670163170163,29.1086708070776,"CSTB;NQO1;NCL;TYMS"
"73","Negative Regulation Of Protein Phosphorylation (GO:0001933)","4/149",0.0066747485612657,0.102882881489632,0,0,5.67672413793103,28.4371166854251,"IGFBP3;PMEPA1;PPIA;CALM2"
"74","Actomyosin Structure Organization (GO:0031032)","3/77",0.0067890554235684,0.102882881489632,0,0,8.28615213151296,41.3681460172482,"PDLIM1;KRT19;TPM1"
"75","Activation Of Protein Kinase B Activity (GO:0032148)","2/25",0.00688907400282997,0.102882881489632,0,0,17.6370896184561,87.7942327571282,"WNT5A;PPIA"
"76","Regulation Of Postsynapse Organization (GO:0099175)","2/25",0.00688907400282997,0.102882881489632,0,0,17.6370896184561,87.7942327571282,"CFL1;WNT5A"
"77","Long-Chain Fatty Acid Metabolic Process (GO:0001676)","3/78",0.00703533563956652,0.103702674687117,0,0,8.17525773195876,40.5231982940018,"CYP1B1;ACSL3;PTGR1"
"78","L-amino Acid Transport (GO:0015807)","2/26",0.0074389947886241,0.106876697279599,0,0,16.9013605442177,82.8338984204336,"SLC7A5;SLC3A2"
"79","Negative Regulation Of Protein Polymerization (GO:0032272)","2/26",0.0074389947886241,0.106876697279599,0,0,16.9013605442177,82.8338984204336,"STMN1;PFN1"
"80","Cellular Response To Growth Factor Stimulus (GO:0071363)","4/155",0.00765370569167659,0.106931775170813,0,0,5.44950331125828,26.553060978024,"EEF1A1;ANXA1;WNT5A;CD44"
"81","Activation Of Protein Kinase Activity (GO:0032147)","3/81",0.00780578317929509,0.106931775170813,0,0,7.85963521015067,38.1419481548551,"TPX2;WNT5A;PPIA"
"82","Negative Regulation Of NF-kappaB Transcription Factor Activity (GO:0032088)","3/81",0.00780578317929509,0.106931775170813,0,0,7.85963521015067,38.1419481548551,"TMSB4X;TAX1BP1;CYP1B1"
"83","Amino Acid Import Across Plasma Membrane (GO:0089718)","2/27",0.00800810651058956,0.106931775170813,0,0,16.2244897959184,78.3204947866311,"SLC7A5;SLC3A2"
"84","Peptide Cross-Linking (GO:0018149)","2/27",0.00800810651058956,0.106931775170813,0,0,16.2244897959184,78.3204947866311,"ANXA1;TGM2"
"85","Cell Surface Receptor Signaling Pathway Involved In Cell-Cell Signaling (GO:1905114)","2/27",0.00800810651058956,0.106931775170813,0,0,16.2244897959184,78.3204947866311,"WNT5A;CD24"
"86","Apoptotic Cell Clearance (GO:0043277)","2/28",0.00859620747114401,0.110871539542596,0,0,15.5996860282575,74.1988795836398,"ANXA1;TGM2"
"87","Positive Regulation Of Fibroblast Proliferation (GO:0048146)","2/28",0.00859620747114401,0.110871539542596,0,0,15.5996860282575,74.1988795836398,"WNT5A;S100A6"
"88","Negative Regulation Of Cytoskeleton Organization (GO:0051494)","2/28",0.00859620747114401,0.110871539542596,0,0,15.5996860282575,74.1988795836398,"LIMA1;PFN1"
"89","Mitotic Spindle Organization (GO:0007052)","3/85",0.00890772751370806,0.112317372411342,0,0,7.47472969575057,35.2869739274349,"TPX2;STMN1;BIRC5"
"90","Regulation Of Muscle Contraction (GO:0006937)","2/29",0.00920309747511436,0.112317372411342,0,0,15.021164021164,70.4224490277819,"TPM1;ENO1"
"91","Sarcomere Organization (GO:0045214)","2/29",0.00920309747511436,0.112317372411342,0,0,15.021164021164,70.4224490277819,"KRT19;TPM1"
"92","Positive Regulation Of Dephosphorylation (GO:0035306)","2/29",0.00920309747511436,0.112317372411342,0,0,15.021164021164,70.4224490277819,"CALM2;PPIA"
"93","Positive Regulation Of Viral Genome Replication (GO:0045070)","2/29",0.00920309747511436,0.112317372411342,0,0,15.021164021164,70.4224490277819,"TOP2A;PPIA"
"94","DNA Geometric Change (GO:0032392)","2/30",0.00982857782071015,0.118674849218149,0,0,14.4839650145773,66.9515638793864,"HNRNPA2B1;HMGB2"
"95","Negative Regulation Of Microtubule Polymerization Or Depolymerization (GO:0031111)","2/31",0.0104724512850622,0.122538476376759,0,0,13.9838142153413,63.7523090878691,"TPX2;STMN1"
"96","Regulation Of Long-Term Synaptic Potentiation (GO:1900271)","2/31",0.0104724512850622,0.122538476376759,0,0,13.9838142153413,63.7523090878691,"CALB2;SQSTM1"
"97","Regulation Of Cell Morphogenesis (GO:0022604)","2/31",0.0104724512850622,0.122538476376759,0,0,13.9838142153413,63.7523090878691,"CFL1;CD44"
"98","Regulation Of Protein Phosphorylation (GO:0001932)","5/265",0.0106727356246052,0.123607703407418,0,0,3.97570850202429,18.0499665195535,"HSP90AA1;CCND1;IGFBP3;BIRC5;PPIA"
"99","Cellular Nitrogen Compound Biosynthetic Process (GO:0044271)","2/32",0.0111345221222249,0.125125570383418,0,0,13.5170068027211,60.795507674817,"NQO1;CYP1B1"
"100","Chromosome Condensation (GO:0030261)","2/32",0.0111345221222249,0.125125570383418,0,0,13.5170068027211,60.795507674817,"TOP2A;SMC4"
"101","Gluconeogenesis (GO:0006094)","2/32",0.0111345221222249,0.125125570383418,0,0,13.5170068027211,60.795507674817,"KRT17;ENO1"
"102","Positive Regulation Of Protein Phosphorylation (GO:0001934)","6/377",0.0116596853037354,0.126505344432505,0,0,3.35992429890463,14.9570997826831,"HSP90AA1;CCND1;BIRC5;PPIA;CALM2;CD44"
"103","Muscle Contraction (GO:0006936)","3/94",0.0117059445280263,0.126505344432505,0,0,6.73241191797893,29.9434690042285,"TPM3;TPM1;ALDOA"
"104","Regulation Of Protein Polymerization (GO:0032271)","2/33",0.0118145960439168,0.126505344432505,0,0,13.0803159973667,58.0559303610333,"HSP90AA1;PFN1"
"105","Positive Regulation Of Cytokine Production Involved In Immune Response (GO:0002720)","2/33",0.0118145960439168,0.126505344432505,0,0,13.0803159973667,58.0559303610333,"SLC7A5;WNT5A"
"106","Positive Regulation Of Protein Dephosphorylation (GO:0035307)","2/33",0.0118145960439168,0.126505344432505,0,0,13.0803159973667,58.0559303610333,"CALM2;PPIA"
"107","Cellular Response To Hydrogen Peroxide (GO:0070301)","2/34",0.0125124802245356,0.130290505090347,0,0,12.6709183673469,55.5116572102178,"ANXA1;CYP1B1"
"108","Sister Chromatid Segregation (GO:0000819)","2/34",0.0125124802245356,0.130290505090347,0,0,12.6709183673469,55.5116572102178,"TOP2A;SMC4"
"109","Positive Regulation Of Transcription By RNA Polymerase I (GO:0045943)","2/34",0.0125124802245356,0.130290505090347,0,0,12.6709183673469,55.5116572102178,"NCL;DEK"
"110","Regulation Of Defense Response (GO:0031347)","3/97",0.0127385466637258,0.131438640575716,0,0,6.51656064926519,28.4325537727779,"ANXA1;TMSB4X;WNT5A"
"111","Neutral Amino Acid Transport (GO:0015804)","2/35",0.0132279832722483,0.132865141716831,0,0,12.2863327149041,53.1435584472206,"SLC7A5;SLC3A2"
"112","Hexose Biosynthetic Process (GO:0019319)","2/35",0.0132279832722483,0.132865141716831,0,0,12.2863327149041,53.1435584472206,"KRT17;ENO1"
"113","Positive Regulation Of Telomere Maintenance Via Telomere Lengthening (GO:1904358)","2/35",0.0132279832722483,0.132865141716831,0,0,12.2863327149041,53.1435584472206,"CCT6A;HNRNPA2B1"
"114","Response To UV (GO:0009411)","3/100",0.0138217578324638,0.137611360875846,0,0,6.31406100542034,27.0337233788467,"PCNA;CCND1;USP1"
"115","Negative Regulation Of Smooth Muscle Cell Proliferation (GO:0048662)","2/37",0.0147110875878219,0.145192038366764,0,0,11.5830903790087,48.8708399253876,"IGFBP3;TPM1"
"116","Positive Regulation Of Cation Channel Activity (GO:2001259)","2/38",0.0154783132235365,0.150152867595846,0,0,11.2607709750567,46.9384448645158,"TMSB4X;CALM2"
"117","Positive Regulation Of Production Of Molecular Mediator Of Immune Response (GO:0002702)","2/38",0.0154783132235365,0.150152867595846,0,0,11.2607709750567,46.9384448645158,"SLC7A5;WNT5A"
"118","Intrinsic Apoptotic Signaling Pathway (GO:0097193)","3/105",0.0157404409875109,0.151401699329025,0,0,6.00303214069133,24.9217201151844,"CYP1B1;CYCS;CD24"
"119","Regulation Of Signal Transduction (GO:0009966)","4/193",0.0160717407971991,0.153289292477487,0,0,4.34545855379189,17.9497542704628,"IGFBP3;NUCKS1;CD24;PPIA"
"120","Positive Regulation Of ATP-dependent Activity (GO:0032781)","2/39",0.0162624064321538,0.153815260837455,0,0,10.9558742415885,45.1261415257865,"TPM1;PFN1"
"121","Regulation Of Intracellular Signal Transduction (GO:1902531)","5/297",0.0167421424105356,0.154933700848498,0,0,3.53424657534247,14.4544543845731,"TMSB4X;WNT5A;CD24;SQSTM1;CALM2"
"122","Regulation Of Cytosolic Calcium Ion Concentration (GO:0051480)","2/40",0.0170631829128301,0.154933700848498,0,0,10.6670247046187,43.4236674606069,"CALB2;WNT5A"
"123","L-alpha-amino Acid Transmembrane Transport (GO:1902475)","2/40",0.0170631829128301,0.154933700848498,0,0,10.6670247046187,43.4236674606069,"SLC7A5;SLC3A2"
"124","Regulation Of Protein Dephosphorylation (GO:0035304)","2/40",0.0170631829128301,0.154933700848498,0,0,10.6670247046187,43.4236674606069,"CALM2;PPIA"
"125","Retinoid Metabolic Process (GO:0001523)","2/40",0.0170631829128301,0.154933700848498,0,0,10.6670247046187,43.4236674606069,"ALDH1A3;CYP1B1"
"126","Cell-Matrix Adhesion (GO:0007160)","3/109",0.0173780716412014,0.156540565974314,0,0,5.77533553783311,23.4048136142864,"ITGA2;ITGA6;CD44"
"127","Response To Lipid (GO:0033993)","3/110",0.0178018044903922,0.159094866902324,0,0,5.72107139416129,23.0470812431264,"ANXA1;SCD;HMGB2"
"128","Negative Regulation Of Cellular Process (GO:0048523)","7/537",0.0181760206276213,0.160406994370051,0,0,2.75086224386285,11.0244988527237,"FTH1;IGFBP3;TACSTD2;HMGA1;CYP1B1;ENO1;ANP32B"
"129","Cytoskeleton Organization (GO:0007010)","3/111",0.0182312795363318,0.160406994370051,0,0,5.66781214203895,22.6974140470314,"CFL1;TPM1;KRT13"
"130","Regulation Of Translation (GO:0006417)","4/202",0.018672432369582,0.162140861672555,0,0,4.14604377104377,16.5041856593251,"EIF5B;NCL;KRT13;TYMS"
"131","Keratinocyte Differentiation (GO:0030216)","2/42",0.0187140554000923,0.162140861672555,0,0,10.1326530612245,40.3125617234172,"ANXA1;WNT5A"
"132","Positive Regulation Of Transcription By RNA Polymerase II (GO:0045944)","10/938",0.0188582964442688,0.162152776244281,0,0,2.27155172413793,9.01988288402735,"ELF3;CITED2;WNT5A;HMGA1;HMGB2;NUCKS1;ITGA6;DEK;SQSTM1;PTMA"
"133","DNA-templated DNA Replication Maintenance Of Fidelity (GO:0045005)","2/43",0.0195637897091909,0.166954145262644,0,0,9.88501742160279,38.888398778374,"PCNA;NUCKS1"
"134","Mitotic Spindle Assembly (GO:0090307)","2/44",0.0204294838615153,0.173040777483731,0,0,9.6491739552964,37.5427757402553,"TPX2;BIRC5"
"135","Regulation Of Cellular Metabolic Process (GO:0031323)","2/45",0.0213109604144822,0.174504690032691,0,0,9.42429995253915,36.2697365803843,"NPC2;CYP1B1"
"136","Regulation Of Cell Migration (GO:0030334)","6/434",0.0217893851239897,0.174504690032691,0,0,2.90395704911513,11.1115047962341,"ANXA1;CITED2;TMSB4X;TPM1;CYP1B1;ITGA6"
"137","Amino Acid Transport (GO:0006865)","2/46",0.0222080432575084,0.174504690032691,0,0,9.20964749536178,35.0638977870873,"SLC7A5;SLC3A2"
"138","Replication Fork Processing (GO:0031297)","2/46",0.0222080432575084,0.174504690032691,0,0,9.20964749536178,35.0638977870873,"PCNA;NUCKS1"
"139","Positive Regulation Of Blood Vessel Endothelial Cell Migration (GO:0043536)","2/46",0.0222080432575084,0.174504690032691,0,0,9.20964749536178,35.0638977870873,"ANXA1;TMSB4X"
"140","Response To Hydrogen Peroxide (GO:0042542)","2/46",0.0222080432575084,0.174504690032691,0,0,9.20964749536178,35.0638977870873,"ANXA1;CYP1B1"
"141","Positive Regulation Of Cell-Cell Adhesion (GO:0022409)","2/46",0.0222080432575084,0.174504690032691,0,0,9.20964749536178,35.0638977870873,"CITED2;CD44"
"142","Myofibril Assembly (GO:0030239)","2/46",0.0222080432575084,0.174504690032691,0,0,9.20964749536178,35.0638977870873,"KRT19;TPM1"
"143","Epithelial To Mesenchymal Transition (GO:0001837)","2/47",0.0231205576171507,0.174504690032691,0,0,9.00453514739229,33.920382104137,"WNT5A;S100A4"
"144","Negative Regulation Of Endoplasmic Reticulum Calcium Ion Concentration (GO:0032471)","1/5",0.0247535287182936,0.174504690032691,0,0,50.2424242424242,185.836036973753,"TGM2"
"145","DNA Replication-Dependent Chromatin Assembly (GO:0006335)","1/5",0.0247535287182936,0.174504690032691,0,0,50.2424242424242,185.836036973753,"NASP"
"146","Negative Regulation Of Morphogenesis Of An Epithelium (GO:1905331)","1/5",0.0247535287182936,0.174504690032691,0,0,50.2424242424242,185.836036973753,"TACSTD2"
"147","Negative Regulation Of Protein Polyubiquitination (GO:1902915)","1/5",0.0247535287182936,0.174504690032691,0,0,50.2424242424242,185.836036973753,"PPIA"
"148","Activation Of Cysteine-Type Endopeptidase Activity Involved In Apoptotic Process By Cytochrome C (GO:0008635)","1/5",0.0247535287182936,0.174504690032691,0,0,50.2424242424242,185.836036973753,"CYCS"
"149","Negative Regulation Of Transcription From RNA Polymerase II Promoter In Response To Stress (GO:0097201)","1/5",0.0247535287182936,0.174504690032691,0,0,50.2424242424242,185.836036973753,"CITED2"
"150","Pexophagy (GO:0000425)","1/5",0.0247535287182936,0.174504690032691,0,0,50.2424242424242,185.836036973753,"SQSTM1"
"151","Renal Filtration Cell Differentiation (GO:0061318)","1/5",0.0247535287182936,0.174504690032691,0,0,50.2424242424242,185.836036973753,"CD24"
"152","Glomerular Epithelial Cell Differentiation (GO:0072311)","1/5",0.0247535287182936,0.174504690032691,0,0,50.2424242424242,185.836036973753,"CD24"
"153","Positive Regulation Of Mitotic Cytokinesis (GO:1903490)","1/5",0.0247535287182936,0.174504690032691,0,0,50.2424242424242,185.836036973753,"BIRC5"
"154","Positive Regulation Of Peroxisome Proliferator Activated Receptor Signaling Pathway (GO:0035360)","1/5",0.0247535287182936,0.174504690032691,0,0,50.2424242424242,185.836036973753,"CITED2"
"155","Positive Regulation Of Tau-Protein Kinase Activity (GO:1902949)","1/5",0.0247535287182936,0.174504690032691,0,0,50.2424242424242,185.836036973753,"HSP90AA1"
"156","Iron Coordination Entity Transport (GO:1901678)","1/5",0.0247535287182936,0.174504690032691,0,0,50.2424242424242,185.836036973753,"LCN2"
"157","Positive Regulation Of Vesicle Fusion (GO:0031340)","1/5",0.0247535287182936,0.174504690032691,0,0,50.2424242424242,185.836036973753,"ANXA1"
"158","Protein Targeting To Vacuole Involved In Autophagy (GO:0071211)","1/5",0.0247535287182936,0.174504690032691,0,0,50.2424242424242,185.836036973753,"SQSTM1"
"159","Regulation Of T Cell Activation Via T Cell Receptor Contact With Antigen Bound To MHC Molecule On Antigen Presenting Cell (GO:2001188)","1/5",0.0247535287182936,0.174504690032691,0,0,50.2424242424242,185.836036973753,"LGALS3"
"160","Negative Regulation Of Actin Filament Depolymerization (GO:0030835)","1/5",0.0247535287182936,0.174504690032691,0,0,50.2424242424242,185.836036973753,"LIMA1"
"161","Negative Regulation Of Cellular Response To Hypoxia (GO:1900038)","1/5",0.0247535287182936,0.174504690032691,0,0,50.2424242424242,185.836036973753,"ENO1"
"162","Regulation Of Response To External Stimulus (GO:0032101)","3/127",0.0258863853847271,0.175514003777895,0,0,4.93249085467243,18.0235095567768,"ANXA1;TMSB4X;WNT5A"
"163","Regulation Of Epithelial Cell Migration (GO:0010632)","2/50",0.0259489619459531,0.175514003777895,0,0,8.44047619047619,30.8214426622313,"TACSTD2;PFN1"
"164","Intracellular Iron Ion Homeostasis (GO:0006879)","2/50",0.0259489619459531,0.175514003777895,0,0,8.44047619047619,30.8214426622313,"FTH1;FTL"
"165","Pyruvate Metabolic Process (GO:0006090)","2/50",0.0259489619459531,0.175514003777895,0,0,8.44047619047619,30.8214426622313,"KRT17;ENO1"
"166","Negative Regulation Of Gene Expression (GO:0010629)","5/336",0.0267993805727423,0.175514003777895,0,0,3.11162346955001,11.2621368771307,"SLC7A5;KRT17;CITED2;NCL;TYMS"
"167","Cholesterol Transport (GO:0030301)","2/51",0.0269214810715392,0.175514003777895,0,0,8.26780508121616,29.8867161104048,"LIMA1;NPC2"
"168","Positive Regulation Of Actin Filament Bundle Assembly (GO:0032233)","2/51",0.0269214810715392,0.175514003777895,0,0,8.26780508121616,29.8867161104048,"TPM1;PFN1"
"169","Positive Regulation Of Protein Localization To Cell Periphery (GO:1904377)","2/51",0.0269214810715392,0.175514003777895,0,0,8.26780508121616,29.8867161104048,"LGALS3;SQSTM1"
"170","Positive Regulation Of Protein Localization To Plasma Membrane (GO:1903078)","2/51",0.0269214810715392,0.175514003777895,0,0,8.26780508121616,29.8867161104048,"LGALS3;SQSTM1"
"171","Regulation Of DNA Repair (GO:0006282)","3/129",0.0269470472113718,0.175514003777895,0,0,4.85370643102602,17.5407201351051,"PCNA;USP1;DEK"
"172","Regulation Of Proteolysis (GO:0030162)","2/52",0.0279085775805054,0.175514003777895,0,0,8.10204081632653,28.9957554144004,"CSTB;RHOBTB3"
"173","Icosanoid Metabolic Process (GO:0006690)","2/52",0.0279085775805054,0.175514003777895,0,0,8.10204081632653,28.9957554144004,"CYP1B1;PTGR1"
"174","Plasma Membrane Bounded Cell Projection Organization (GO:0120036)","3/132",0.0285811776295865,0.175514003777895,0,0,4.74011028530328,16.8511247836,"LIMA1;STMN1;TPM1"
"175","Protein Homotetramerization (GO:0051289)","2/53",0.0289100845392209,0.175514003777895,0,0,7.94277711084434,28.1457453742055,"ALDH1A3;ALDOA"
"176","CENP-A Containing Chromatin Assembly (GO:0034080)","1/6",0.0296309633944118,0.175514003777895,0,0,40.1919191919192,141.432767389918,"NASP"
"177","G-quadruplex DNA Unwinding (GO:0044806)","1/6",0.0296309633944118,0.175514003777895,0,0,40.1919191919192,141.432767389918,"HNRNPA2B1"
"178","Negative Regulation Of Ruffle Assembly (GO:1900028)","1/6",0.0296309633944118,0.175514003777895,0,0,40.1919191919192,141.432767389918,"TACSTD2"
"179","Aggrephagy (GO:0035973)","1/6",0.0296309633944118,0.175514003777895,0,0,40.1919191919192,141.432767389918,"SQSTM1"
"180","Negative Regulation Of Stress-Activated Protein Kinase Signaling Cascade (GO:0070303)","1/6",0.0296309633944118,0.175514003777895,0,0,40.1919191919192,141.432767389918,"PPIA"
"181","Regulation Of Mitotic Cytokinesis (GO:1902412)","1/6",0.0296309633944118,0.175514003777895,0,0,40.1919191919192,141.432767389918,"BIRC5"
"182","Bleb Assembly (GO:0032060)","1/6",0.0296309633944118,0.175514003777895,0,0,40.1919191919192,141.432767389918,"EMP1"
"183","Cellular Hyperosmotic Response (GO:0071474)","1/6",0.0296309633944118,0.175514003777895,0,0,40.1919191919192,141.432767389918,"YBX3"
"184","Cellular Response To Monoamine Stimulus (GO:0071868)","1/6",0.0296309633944118,0.175514003777895,0,0,40.1919191919192,141.432767389918,"TGM2"
"185","Chromatin Remodeling At Centromere (GO:0031055)","1/6",0.0296309633944118,0.175514003777895,0,0,40.1919191919192,141.432767389918,"NASP"
"186","Response To Cocaine (GO:0042220)","1/6",0.0296309633944118,0.175514003777895,0,0,40.1919191919192,141.432767389918,"TGM2"
"187","Positive Regulation Of Unsaturated Fatty Acid Biosynthetic Process (GO:2001280)","1/6",0.0296309633944118,0.175514003777895,0,0,40.1919191919192,141.432767389918,"ANXA1"
"188","Macrophage Derived Foam Cell Differentiation (GO:0010742)","1/6",0.0296309633944118,0.175514003777895,0,0,40.1919191919192,141.432767389918,"WNT5A"
"189","Regulation Of Lipid Metabolic Process (GO:0019216)","2/54",0.029925836282038,0.175514003777895,0,0,7.78963893249608,27.3341007109313,"NPC2;PSAP"
"190","Nucleosome Assembly (GO:0006334)","2/54",0.029925836282038,0.175514003777895,0,0,7.78963893249608,27.3341007109313,"NASP;HMGB2"
"191","Epidermal Cell Differentiation (GO:0009913)","2/54",0.029925836282038,0.175514003777895,0,0,7.78963893249608,27.3341007109313,"ANXA1;WNT5A"
"192","Mesenchymal Cell Differentiation (GO:0048762)","2/54",0.029925836282038,0.175514003777895,0,0,7.78963893249608,27.3341007109313,"WNT5A;S100A4"
"193","Inflammatory Response (GO:0006954)","4/236",0.0307736027122512,0.175514003777895,0,0,3.5323275862069,12.2963785355382,"ANXA1;ELF3;WNT5A;CD44"
"194","Monoatomic Anion Transport (GO:0006820)","2/57",0.0330569224942901,0.175514003777895,0,0,7.36363636363636,25.1064969666325,"FXYD3;BEST1"
"195","Response To Organic Cyclic Compound (GO:0014070)","2/58",0.0341280219187038,0.175514003777895,0,0,7.23177842565598,24.4263185896388,"ANXA1;CYP1B1"
"196","Inorganic Anion Transport (GO:0015698)","2/58",0.0341280219187038,0.175514003777895,0,0,7.23177842565598,24.4263185896388,"FXYD3;BEST1"
"197","Regulation Of Chaperone-Mediated Autophagy (GO:1904714)","1/7",0.0344842492004147,0.175514003777895,0,0,33.4915824915825,112.774618360503,"EEF1A1"
"198","Regulation Of Chromosome Condensation (GO:0060623)","1/7",0.0344842492004147,0.175514003777895,0,0,33.4915824915825,112.774618360503,"SMC4"
"199","Regulation Of Cyclic-Nucleotide Phosphodiesterase Activity (GO:0051342)","1/7",0.0344842492004147,0.175514003777895,0,0,33.4915824915825,112.774618360503,"CALM2"
"200","DNA Ligation (GO:0006266)","1/7",0.0344842492004147,0.175514003777895,0,0,33.4915824915825,112.774618360503,"TOP2A"
"201","Negative Regulation Of Neural Precursor Cell Proliferation (GO:2000178)","1/7",0.0344842492004147,0.175514003777895,0,0,33.4915824915825,112.774618360503,"WNT5A"
"202","Negative Regulation Of Phospholipase Activity (GO:0010519)","1/7",0.0344842492004147,0.175514003777895,0,0,33.4915824915825,112.774618360503,"ANXA1"
"203","Regulation Of Lymphocyte Apoptotic Process (GO:0070228)","1/7",0.0344842492004147,0.175514003777895,0,0,33.4915824915825,112.774618360503,"LGALS3"
"204","Regulation Of Phospholipase A2 Activity (GO:0032429)","1/7",0.0344842492004147,0.175514003777895,0,0,33.4915824915825,112.774618360503,"ANXA1"
"205","Positive Regulation By Host Of Viral Genome Replication (GO:0044829)","1/7",0.0344842492004147,0.175514003777895,0,0,33.4915824915825,112.774618360503,"NUCKS1"
"206","Positive Regulation Of Attachment Of Mitotic Spindle Microtubules To Kinetochore (GO:1902425)","1/7",0.0344842492004147,0.175514003777895,0,0,33.4915824915825,112.774618360503,"BIRC5"
"207","Cytoplasmic Sequestering Of NF-kappaB (GO:0007253)","1/7",0.0344842492004147,0.175514003777895,0,0,33.4915824915825,112.774618360503,"TMSB4X"
"208","Positive Regulation Of Calcium Ion Import (GO:0090280)","1/7",0.0344842492004147,0.175514003777895,0,0,33.4915824915825,112.774618360503,"LGALS3"
"209","Positive Regulation Of Chromosome Condensation (GO:1905821)","1/7",0.0344842492004147,0.175514003777895,0,0,33.4915824915825,112.774618360503,"SMC4"
"210","Spleen Development (GO:0048536)","1/7",0.0344842492004147,0.175514003777895,0,0,33.4915824915825,112.774618360503,"CITED2"
"211","Positive Regulation Of Leukocyte Differentiation (GO:1902107)","1/7",0.0344842492004147,0.175514003777895,0,0,33.4915824915825,112.774618360503,"LGALS3"
"212","Foam Cell Differentiation (GO:0090077)","1/7",0.0344842492004147,0.175514003777895,0,0,33.4915824915825,112.774618360503,"WNT5A"
"213","Fructose Metabolic Process (GO:0006000)","1/7",0.0344842492004147,0.175514003777895,0,0,33.4915824915825,112.774618360503,"ALDOA"
"214","Positive Regulation Of Myeloid Cell Apoptotic Process (GO:0033034)","1/7",0.0344842492004147,0.175514003777895,0,0,33.4915824915825,112.774618360503,"ANXA1"
"215","Positive Regulation Of Neuron Projection Arborization (GO:0150012)","1/7",0.0344842492004147,0.175514003777895,0,0,33.4915824915825,112.774618360503,"WNT5A"
"216","Positive Regulation Of Plasminogen Activation (GO:0010756)","1/7",0.0344842492004147,0.175514003777895,0,0,33.4915824915825,112.774618360503,"ENO1"
"217","Hyperosmotic Response (GO:0006972)","1/7",0.0344842492004147,0.175514003777895,0,0,33.4915824915825,112.774618360503,"YBX3"
"218","Positive Regulation Of Ryanodine-Sensitive Calcium-Release Channel Activity (GO:0060316)","1/7",0.0344842492004147,0.175514003777895,0,0,33.4915824915825,112.774618360503,"CALM2"
"219","Leukocyte Aggregation (GO:0070486)","1/7",0.0344842492004147,0.175514003777895,0,0,33.4915824915825,112.774618360503,"CD44"
"220","Postsynapse Organization (GO:0099173)","1/7",0.0344842492004147,0.175514003777895,0,0,33.4915824915825,112.774618360503,"WNT5A"
"221","Myoblast Migration (GO:0051451)","1/7",0.0344842492004147,0.175514003777895,0,0,33.4915824915825,112.774618360503,"ANXA1"
"222","Regulation Of Apoptotic Cell Clearance (GO:2000425)","1/7",0.0344842492004147,0.175514003777895,0,0,33.4915824915825,112.774618360503,"TGM2"
"223","Regulation Of Attachment Of Mitotic Spindle Microtubules To Kinetochore (GO:1902423)","1/7",0.0344842492004147,0.175514003777895,0,0,33.4915824915825,112.774618360503,"BIRC5"
"224","Positive Regulation Of Transferase Activity (GO:0051347)","3/143",0.0350136640194194,0.176062783195245,0,0,4.36524300441826,14.6323682934029,"HSP90AA1;PCNA;HNRNPA2B1"
"225","Glucose Metabolic Process (GO:0006006)","2/59",0.035212556639049,0.176062783195245,0,0,7.10454708199069,23.7743191541034,"KRT17;ENO1"
"226","Microtubule Cytoskeleton Organization Involved In Mitosis (GO:1902850)","2/59",0.035212556639049,0.176062783195245,0,0,7.10454708199069,23.7743191541034,"STMN1;BIRC5"
"227","protein-DNA Complex Assembly (GO:0065004)","2/59",0.035212556639049,0.176062783195245,0,0,7.10454708199069,23.7743191541034,"NASP;HMGB2"
"228","Actin Filament Organization (GO:0007015)","3/144",0.035632562673451,0.177381397519153,0,0,4.33406448782628,14.4519179998029,"TPM3;TPM1;ALDOA"
"229","Positive Regulation Of Protein Kinase Activity (GO:0045860)","3/145",0.0362571122213496,0.179183774798695,0,0,4.3033251052708,14.2746445584376,"TPX2;HSP90AA1;CALM2"
"230","Regulation Of Extrinsic Apoptotic Signaling Pathway (GO:2001236)","2/60",0.0363103684614095,0.179183774798695,0,0,6.981703026038,23.1488972243337,"LGALS3;ITGA6"
"231","Skeletal System Development (GO:0001501)","3/149",0.038811618827442,0.179200109287487,0,0,4.18457844937156,13.5958444486809,"WNT5A;CD44;TGM2"
"232","Negative Regulation Of DNA-binding Transcription Factor Activity (GO:0043433)","3/149",0.038811618827442,0.179200109287487,0,0,4.18457844937156,13.5958444486809,"TMSB4X;TAX1BP1;CYP1B1"
"233","Nucleic Acid Transport (GO:0050657)","1/8",0.0393135041520565,0.179200109287487,0,0,28.7056277056277,92.8967850071638,"HNRNPA2B1"
"234","Positive Regulation Of ATP Biosynthetic Process (GO:2001171)","1/8",0.0393135041520565,0.179200109287487,0,0,28.7056277056277,92.8967850071638,"TMSB4X"
"235","Regulation Of Vesicle Fusion (GO:0031338)","1/8",0.0393135041520565,0.179200109287487,0,0,28.7056277056277,92.8967850071638,"ANXA1"
"236","Collagen-Activated Signaling Pathway (GO:0038065)","1/8",0.0393135041520565,0.179200109287487,0,0,28.7056277056277,92.8967850071638,"ITGA2"
"237","Sequestering Of Actin Monomers (GO:0042989)","1/8",0.0393135041520565,0.179200109287487,0,0,28.7056277056277,92.8967850071638,"TMSB4X"
"238","Skin Morphogenesis (GO:0043589)","1/8",0.0393135041520565,0.179200109287487,0,0,28.7056277056277,92.8967850071638,"ITGA6"
"239","Positive Regulation Of Ligase Activity (GO:0051351)","1/8",0.0393135041520565,0.179200109287487,0,0,28.7056277056277,92.8967850071638,"TMSB4X"
"240","Positive Regulation Of Macrophage Cytokine Production (GO:0060907)","1/8",0.0393135041520565,0.179200109287487,0,0,28.7056277056277,92.8967850071638,"WNT5A"
"241","Tetrahydrofolate Interconversion (GO:0035999)","1/8",0.0393135041520565,0.179200109287487,0,0,28.7056277056277,92.8967850071638,"TYMS"
"242","Positive Regulation Of Megakaryocyte Differentiation (GO:0045654)","1/8",0.0393135041520565,0.179200109287487,0,0,28.7056277056277,92.8967850071638,"HMGB2"
"243","Positive Regulation Of Mitochondrial Calcium Ion Concentration (GO:0051561)","1/8",0.0393135041520565,0.179200109287487,0,0,28.7056277056277,92.8967850071638,"TGM2"
"244","Unsaturated Fatty Acid Biosynthetic Process (GO:0006636)","1/8",0.0393135041520565,0.179200109287487,0,0,28.7056277056277,92.8967850071638,"SCD"
"245","Vitamin K Metabolic Process (GO:0042373)","1/8",0.0393135041520565,0.179200109287487,0,0,28.7056277056277,92.8967850071638,"NQO1"
"246","Positive Regulation Of Protein Kinase C Signaling (GO:0090037)","1/8",0.0393135041520565,0.179200109287487,0,0,28.7056277056277,92.8967850071638,"WNT5A"
"247","Protein Localization To Perinuclear Region Of Cytoplasm (GO:1905719)","1/8",0.0393135041520565,0.179200109287487,0,0,28.7056277056277,92.8967850071638,"SQSTM1"
"248","Mesodermal Cell Differentiation (GO:0048333)","1/8",0.0393135041520565,0.179200109287487,0,0,28.7056277056277,92.8967850071638,"ITGA2"
"249","Negative Regulation Of Chromosome Organization (GO:2001251)","1/8",0.0393135041520565,0.179200109287487,0,0,28.7056277056277,92.8967850071638,"TOP2A"
"250","Positive Regulation Of Mitotic Cell Cycle Phase Transition (GO:1901992)","2/63",0.0396819029137974,0.179791199856334,0,0,6.6373369019739,21.4177572290841,"ANXA1;CCND1"
"251","Negative Regulation Of Cell Population Proliferation (GO:0008285)","5/379",0.0416327727796497,0.179791199856334,0,0,2.74781874472277,8.73495201857966,"FTH1;IGFBP3;WNT5A;HMGA1;CYP1B1"
"252","Positive Regulation Of T Cell Proliferation (GO:0042102)","2/65",0.041993132410768,0.179791199856334,0,0,6.42597991577583,20.3719576107223,"ANXA1;CD24"
"253","Positive Regulation Of Cell Cycle (GO:0045787)","2/65",0.041993132410768,0.179791199856334,0,0,6.42597991577583,20.3719576107223,"CCND1;CITED2"
"254","Response To Reactive Oxygen Species (GO:0000302)","2/66",0.043167352566795,0.179791199856334,0,0,6.32525510204082,19.8781944931298,"TPM1;SQSTM1"
"255","Negative Regulation Of Necroptotic Process (GO:0060546)","1/9",0.0441188457824273,0.179791199856334,0,0,25.1161616161616,78.3842312444799,"YBX3"
"256","Wnt Signaling Pathway Involved In Midbrain Dopaminergic Neuron Differentiation (GO:1904953)","1/9",0.0441188457824273,0.179791199856334,0,0,25.1161616161616,78.3842312444799,"WNT5A"
"257","Arachidonate Transport (GO:1903963)","1/9",0.0441188457824273,0.179791199856334,0,0,25.1161616161616,78.3842312444799,"ANXA1"
"258","Arachidonic Acid Secretion (GO:0050482)","1/9",0.0441188457824273,0.179791199856334,0,0,25.1161616161616,78.3842312444799,"ANXA1"
"259","Autophagy Of Peroxisome (GO:0030242)","1/9",0.0441188457824273,0.179791199856334,0,0,25.1161616161616,78.3842312444799,"SQSTM1"
"260","Nucleobase-Containing Compound Biosynthetic Process (GO:0034654)","1/9",0.0441188457824273,0.179791199856334,0,0,25.1161616161616,78.3842312444799,"TYMS"
"261","Regulation Of Tau-Protein Kinase Activity (GO:1902947)","1/9",0.0441188457824273,0.179791199856334,0,0,25.1161616161616,78.3842312444799,"HSP90AA1"
"262","Positive Regulation Of RNA Biosynthetic Process (GO:1902680)","1/9",0.0441188457824273,0.179791199856334,0,0,25.1161616161616,78.3842312444799,"TOP2A"
"263","Dopamine Transport (GO:0015872)","1/9",0.0441188457824273,0.179791199856334,0,0,25.1161616161616,78.3842312444799,"TGM2"
"264","Ectoderm Development (GO:0007398)","1/9",0.0441188457824273,0.179791199856334,0,0,25.1161616161616,78.3842312444799,"ITGA6"
"265","Skeletal Muscle Tissue Regeneration (GO:0043403)","1/9",0.0441188457824273,0.179791199856334,0,0,25.1161616161616,78.3842312444799,"ANXA1"
"266","Positive Regulation Of Establishment Of Protein Localization To Telomere (GO:1904851)","1/9",0.0441188457824273,0.179791199856334,0,0,25.1161616161616,78.3842312444799,"CCT6A"
"267","Excitatory Synapse Assembly (GO:1904861)","1/9",0.0441188457824273,0.179791199856334,0,0,25.1161616161616,78.3842312444799,"WNT5A"
"268","Granulocyte Migration (GO:0097530)","1/9",0.0441188457824273,0.179791199856334,0,0,25.1161616161616,78.3842312444799,"ANXA1"
"269","Homologous Recombination (GO:0035825)","1/9",0.0441188457824273,0.179791199856334,0,0,25.1161616161616,78.3842312444799,"NUCKS1"
"270","Intestinal Cholesterol Absorption (GO:0030299)","1/9",0.0441188457824273,0.179791199856334,0,0,25.1161616161616,78.3842312444799,"LIMA1"
"271","Positive Regulation Of Transcription Of Nucleolar Large rRNA By RNA Polymerase I (GO:1901838)","1/9",0.0441188457824273,0.179791199856334,0,0,25.1161616161616,78.3842312444799,"NCL"
"272","Postsynapse Assembly (GO:0099068)","1/9",0.0441188457824273,0.179791199856334,0,0,25.1161616161616,78.3842312444799,"WNT5A"
"273","Lipid Import Into Cell (GO:0140354)","1/9",0.0441188457824273,0.179791199856334,0,0,25.1161616161616,78.3842312444799,"ACSL3"
"274","Long-Chain Fatty Acid Import Into Cell (GO:0044539)","1/9",0.0441188457824273,0.179791199856334,0,0,25.1161616161616,78.3842312444799,"ACSL3"
"275","Quinone Metabolic Process (GO:1901661)","1/9",0.0441188457824273,0.179791199856334,0,0,25.1161616161616,78.3842312444799,"NQO1"
"276","Regulation Of RNA Polymerase II Regulatory Region Sequence-Specific DNA Binding (GO:1903025)","1/9",0.0441188457824273,0.179791199856334,0,0,25.1161616161616,78.3842312444799,"TMSB4X"
"277","Regulation Of Animal Organ Morphogenesis (GO:2000027)","1/9",0.0441188457824273,0.179791199856334,0,0,25.1161616161616,78.3842312444799,"CITED2"
"278","Negative Regulation Of Cell Adhesion Mediated By Integrin (GO:0033629)","1/9",0.0441188457824273,0.179791199856334,0,0,25.1161616161616,78.3842312444799,"CYP1B1"
"279","Activation Of Cysteine-Type Endopeptidase Activity Involved In Apoptotic Process (GO:0006919)","2/67",0.0443537761760119,0.179791199856334,0,0,6.2276295133438,19.4025373950964,"CYCS;ANP32B"
"280","Regulation Of Neurogenesis (GO:0050767)","2/67",0.0443537761760119,0.179791199856334,0,0,6.2276295133438,19.4025373950964,"HMGB2;TGM2"
"281","Positive Regulation Of Multicellular Organismal Process (GO:0051240)","5/387",0.0448477567017884,0.180788091029243,0,0,2.68917057040507,8.34848084961713,"SCD;CFL1;WNT5A;LCN2;ENO1"
"282","Regulation Of Heart Contraction (GO:0008016)","2/69",0.0467626402187707,0.180788091029243,0,0,6.04112092598233,18.5019639390654,"TPM1;CALM2"
"283","Phagocytosis (GO:0006909)","2/69",0.0467626402187707,0.180788091029243,0,0,6.04112092598233,18.5019639390654,"ANXA1;TGM2"
"284","Response To Molecule Of Bacterial Origin (GO:0002237)","2/69",0.0467626402187707,0.180788091029243,0,0,6.04112092598233,18.5019639390654,"HMGB2;CD24"
"285","Negative Regulation Of Extrinsic Apoptotic Signaling Pathway (GO:2001237)","2/70",0.0479847867745848,0.180788091029243,0,0,5.95198079231693,18.0753994112781,"LGALS3;ITGA6"
"286","Neutrophil Chemotaxis (GO:0030593)","2/70",0.0479847867745848,0.180788091029243,0,0,5.95198079231693,18.0753994112781,"LGALS3;PPIA"
"287","Positive Regulation Of Protein Polymerization (GO:0032273)","2/70",0.0479847867745848,0.180788091029243,0,0,5.95198079231693,18.0753994112781,"HSP90AA1;PFN1"
"288","Positive Regulation Of Protein Transport (GO:0051222)","2/70",0.0479847867745848,0.180788091029243,0,0,5.95198079231693,18.0753994112781,"ACSL3;PPIA"
"289","Regulation Of Dendritic Cell Differentiation (GO:2001198)","1/10",0.0489003911418305,0.180788091029243,0,0,22.324354657688,67.3742300304506,"LGALS3"
"290","Regulation Of Establishment Of Protein Localization To Telomere (GO:0070203)","1/10",0.0489003911418305,0.180788091029243,0,0,22.324354657688,67.3742300304506,"CCT6A"
"291","Negative Regulation Of Pathway-Restricted SMAD Protein Phosphorylation (GO:0060394)","1/10",0.0489003911418305,0.180788091029243,0,0,22.324354657688,67.3742300304506,"PMEPA1"
"292","Negative Regulation Of Programmed Necrotic Cell Death (GO:0062099)","1/10",0.0489003911418305,0.180788091029243,0,0,22.324354657688,67.3742300304506,"YBX3"
"293","Regulation Of Lamellipodium Morphogenesis (GO:2000392)","1/10",0.0489003911418305,0.180788091029243,0,0,22.324354657688,67.3742300304506,"CD44"
"294","Regulation Of Mitotic Sister Chromatid Separation (GO:0010965)","1/10",0.0489003911418305,0.180788091029243,0,0,22.324354657688,67.3742300304506,"BIRC5"
"295","Regulation Of Peroxisome Proliferator Activated Receptor Signaling Pathway (GO:0035358)","1/10",0.0489003911418305,0.180788091029243,0,0,22.324354657688,67.3742300304506,"CITED2"
"296","Omega-Hydroxylase P450 Pathway (GO:0097267)","1/10",0.0489003911418305,0.180788091029243,0,0,22.324354657688,67.3742300304506,"CYP1B1"
"297","Regulation Of Protein Localization To Cajal Body (GO:1904869)","1/10",0.0489003911418305,0.180788091029243,0,0,22.324354657688,67.3742300304506,"CCT6A"
"298","Removal Of Superoxide Radicals (GO:0019430)","1/10",0.0489003911418305,0.180788091029243,0,0,22.324354657688,67.3742300304506,"NQO1"
"299","Positive Regulation Of Attachment Of Spindle Microtubules To Kinetochore (GO:0051987)","1/10",0.0489003911418305,0.180788091029243,0,0,22.324354657688,67.3742300304506,"BIRC5"
"300","Signal Release (GO:0023061)","1/10",0.0489003911418305,0.180788091029243,0,0,22.324354657688,67.3742300304506,"TGM2"
"301","Urogenital System Development (GO:0001655)","1/10",0.0489003911418305,0.180788091029243,0,0,22.324354657688,67.3742300304506,"ANXA1"
"302","Hematopoietic Stem Cell Proliferation (GO:0071425)","1/10",0.0489003911418305,0.180788091029243,0,0,22.324354657688,67.3742300304506,"WNT5A"
"303","Positive Regulation Of Protein Localization To Cajal Body (GO:1904871)","1/10",0.0489003911418305,0.180788091029243,0,0,22.324354657688,67.3742300304506,"CCT6A"
"304","Midbrain Dopaminergic Neuron Differentiation (GO:1904948)","1/10",0.0489003911418305,0.180788091029243,0,0,22.324354657688,67.3742300304506,"WNT5A"
"305","Mitotic Spindle Elongation (GO:0000022)","1/10",0.0489003911418305,0.180788091029243,0,0,22.324354657688,67.3742300304506,"BIRC5"
"306","Mitotic Spindle Midzone Assembly (GO:0051256)","1/10",0.0489003911418305,0.180788091029243,0,0,22.324354657688,67.3742300304506,"BIRC5"
"307","Muscle Filament Sliding (GO:0030049)","1/10",0.0489003911418305,0.180788091029243,0,0,22.324354657688,67.3742300304506,"TPM1"
